Pituus;Paino;BMI;Kuntoluokitus;;;;
173;56;12.75380063;Merkittävä-alipaino;;;;
180;64;12.75380063;Merkittävä-alipaino;;;;
154;99;12.75380063;Merkittävä-alipaino;;;;
198;78;13;Merkittävä-alipaino;;;;
175;79;13.01541025;Merkittävä-alipaino;;;;
170;86;13.13098154;Merkittävä-alipaino;;;;
156;64;13.13098154;Merkittävä-alipaino;;;;
165;100;13.14924392;Merkittävä-alipaino;;;;
157;64;13.26395266;Merkittävä-alipaino;;;;
140;78;13.27571845;Merkittävä-alipaino;;;;
154;85;13.39895385;Merkittävä-alipaino;;;;
196;94;13.51902867;Merkittävä-alipaino;;;;
151;95;13.70576464;Merkittävä-alipaino;;;;
182;84;13.75;Merkittävä-alipaino;;;;
148;64;13.75;Merkittävä-alipaino;;;;
197;80;13.77410468;Merkittävä-alipaino;;;;
155;55;13.79633486;Merkittävä-alipaino;;;;
160;53;13.79633486;Merkittävä-alipaino;;;;
152;78;13.83463542;Merkittävä-alipaino;;;;
164;87;13.91429823;Merkittävä-alipaino;;;;
188;58;13.99736849;Merkittävä-alipaino;;;;
168;51;14.10590278;Merkittävä-alipaino;;;;
171;78;14.14105704;Merkittävä-alipaino;;;;
182;84;14.17197042;Merkittävä-alipaino;;;;
165;67;14.25399523;Merkittävä-alipaino;;;;
182;100;14.25399523;Merkittävä-alipaino;;;;
190;65;14.27731586;Merkittävä-alipaino;;;;
183;83;14.29837856;Merkittävä-alipaino;;;;
186;60;14.29837856;Merkittävä-alipaino;;;;
198;74;14.29837856;Merkittävä-alipaino;;;;
147;74;14.34796471;Merkittävä-alipaino;;;;
161;82;14.34796471;Merkittävä-alipaino;;;;
184;54;14.37717014;Merkittävä-alipaino;;;;
195;50;14.49703348;Merkittävä-alipaino;;;;
142;92;14.52811052;Merkittävä-alipaino;;;;
141;76;14.52811052;Merkittävä-alipaino;;;;
199;93;14.53933272;Merkittävä-alipaino;;;;
193;59;14.58434614;Merkittävä-alipaino;;;;
191;69;14.58434614;Merkittävä-alipaino;;;;
179;77;14.6092038;Merkittävä-alipaino;;;;
190;71;14.61366776;Merkittävä-alipaino;;;;
148;66;14.6460948;Merkittävä-alipaino;;;;
184;84;14.71253961;Merkittävä-alipaino;;;;
184;81;14.74158862;Merkittävä-alipaino;;;;
162;66;14.75;Merkittävä-alipaino;;;;
164;86;14.87031371;Merkittävä-alipaino;;;;
167;77;14.87031371;Merkittävä-alipaino;;;;
183;61;14.89861367;Merkittävä-alipaino;;;;
143;77;14.89861367;Merkittävä-alipaino;;;;
195;59;14.89861367;Merkittävä-alipaino;;;;
141;65;14.90138787;Merkittävä-alipaino;;;;
165;68;14.93027561;Merkittävä-alipaino;;;;
184;76;14.99013807;Merkittävä-alipaino;;;;
164;56;15.03396064;Merkittävä-alipaino;;;;
186;88;15.06379962;Merkittävä-alipaino;;;;
200;59;15.07634111;Merkittävä-alipaino;;;;
168;56;15.11715797;Merkittävä-alipaino;;;;
140;79;15.11715797;Merkittävä-alipaino;;;;
142;77;15.15628128;Merkittävä-alipaino;;;;
177;87;15.19097222;Merkittävä-alipaino;;;;
175;76;15.25;Merkittävä-alipaino;;;;
185;67;15.25;Merkittävä-alipaino;;;;
144;78;15.25;Merkittävä-alipaino;;;;
181;90;15.26204939;Merkittävä-alipaino;;;;
168;82;15.35916824;Merkittävä-alipaino;;;;
197;93;15.44224885;Merkittävä-alipaino;;;;
184;62;15.51246537;Merkittävä-alipaino;;;;
172;59;15.51610782;Merkittävä-alipaino;;;;
180;62;15.51610782;Merkittävä-alipaino;;;;
194;72;15.65453686;Merkittävä-alipaino;;;;
154;50;15.6561703;Merkittävä-alipaino;;;;
143;97;15.67647997;Merkittävä-alipaino;;;;
142;86;15.69858713;Merkittävä-alipaino;;;;
174;84;15.71800356;Merkittävä-alipaino;;;;
165;54;15.72821642;Merkittävä-alipaino;;;;
175;79;15.73350694;Merkittävä-alipaino;;;;
165;78;15.74074074;Merkittävä-alipaino;;;;
164;61;15.7790927;Merkittävä-alipaino;;;;
158;80;15.82609215;Merkittävä-alipaino;;;;
200;88;15.83935139;Merkittävä-alipaino;;;;
179;88;15.84427343;Merkittävä-alipaino;;;;
169;69;15.84427343;Merkittävä-alipaino;;;;
177;72;15.87253136;Merkittävä-alipaino;;;;
146;71;15.89779165;Merkittävä-alipaino;;;;
178;92;15.90868917;Merkittävä-alipaino;;;;
171;100;15.94990548;Merkittävä-alipaino;;;;
192;63;15.94990548;Merkittävä-alipaino;;;;
143;57;15.95965399;Merkittävä-alipaino;;;;
160;77;16.0697888;Merkittävä-alipaino;;;;
141;94;16.14152893;Merkittävä-alipaino;;;;
194;54;16.16120805;Merkittävä-alipaino;;;;
178;75;16.23334793;Merkittävä-alipaino;;;;
180;100;16.23694745;Merkittävä-alipaino;;;;
198;50;16.25;Merkittävä-alipaino;;;;
150;96;16.27884707;Merkittävä-alipaino;;;;
152;81;16.30237894;Merkittävä-alipaino;;;;
158;59;16.30506246;Merkittävä-alipaino;;;;
169;62;16.30506246;Merkittävä-alipaino;;;;
144;78;16.35802469;Merkittävä-alipaino;;;;
168;61;16.36230825;Merkittävä-alipaino;;;;
162;64;16.39941691;Merkittävä-alipaino;;;;
182;66;16.39941691;Merkittävä-alipaino;;;;
197;98;16.41014033;Merkittävä-alipaino;;;;
166;55;16.41206918;Merkittävä-alipaino;;;;
147;71;16.47358912;Merkittävä-alipaino;;;;
140;54;16.47589317;Merkittävä-alipaino;;;;
196;63;16.47589317;Merkittävä-alipaino;;;;
159;81;16.49102012;Merkittävä-alipaino;;;;
148;52;16.5;Merkittävä-alipaino;;;;
164;84;16.54730903;Merkittävä-alipaino;;;;
164;54;16.58611913;Merkittävä-alipaino;;;;
199;59;16.62049861;Merkittävä-alipaino;;;;
193;54;16.65306122;Merkittävä-alipaino;;;;
152;81;16.7276859;Merkittävä-alipaino;;;;
140;57;16.75;Merkittävä-alipaino;;;;
172;51;16.76494392;Merkittävä-alipaino;;;;
151;83;16.78825433;Merkittävä-alipaino;;;;
181;73;16.79684219;Merkittävä-alipaino;;;;
140;62;16.87208671;Merkittävä-alipaino;;;;
192;71;16.89750693;Merkittävä-alipaino;;;;
154;68;16.90102758;Merkittävä-alipaino;;;;
174;97;16.90617075;Merkittävä-alipaino;;;;
190;68;16.91320572;Merkittävä-alipaino;;;;
142;99;16.92003332;Merkittävä-alipaino;;;;
200;81;16.94667641;Merkittävä-alipaino;;;;
190;89;16.94667641;Merkittävä-alipaino;;;;
144;67;16.97600724;Merkittävä-alipaino;;;;
196;65;17.00499522;Lievä-alipaino;;;;
161;88;17.00499522;Lievä-alipaino;;;;
151;85;17.00499522;Lievä-alipaino;;;;
178;98;17.04330261;Lievä-alipaino;;;;
199;52;17.05399468;Lievä-alipaino;;;;
165;75;17.05399468;Lievä-alipaino;;;;
178;92;17.08984375;Lievä-alipaino;;;;
195;97;17.09349531;Lievä-alipaino;;;;
157;51;17.09349531;Lievä-alipaino;;;;
176;91;17.09927841;Lievä-alipaino;;;;
167;52;17.11002066;Lievä-alipaino;;;;
152;73;17.13137996;Lievä-alipaino;;;;
198;96;17.15805428;Lievä-alipaino;;;;
141;80;17.17128355;Lievä-alipaino;;;;
143;66;17.17451524;Lievä-alipaino;;;;
161;93;17.17451524;Lievä-alipaino;;;;
178;72;17.20806666;Lievä-alipaino;;;;
200;94;17.23642631;Lievä-alipaino;;;;
159;98;17.23904813;Lievä-alipaino;;;;
182;57;17.27069827;Lievä-alipaino;;;;
147;96;17.28395062;Lievä-alipaino;;;;
147;93;17.28395062;Lievä-alipaino;;;;
147;71;17.30103806;Lievä-alipaino;;;;
197;63;17.34304544;Lievä-alipaino;;;;
198;50;17.35700197;Lievä-alipaino;;;;
160;50;17.35700197;Lievä-alipaino;;;;
169;87;17.35891933;Lievä-alipaino;;;;
144;54;17.36111111;Lievä-alipaino;;;;
190;73;17.42674858;Lievä-alipaino;;;;
185;78;17.43285124;Lievä-alipaino;;;;
178;52;17.45152355;Lievä-alipaino;;;;
153;67;17.45152355;Lievä-alipaino;;;;
146;83;17.50638983;Lievä-alipaino;;;;
152;57;17.50996256;Lievä-alipaino;;;;
155;58;17.54337875;Lievä-alipaino;;;;
147;65;17.61772522;Lievä-alipaino;;;;
173;96;17.61772522;Lievä-alipaino;;;;
162;97;17.63237847;Lievä-alipaino;;;;
168;74;17.67453604;Lievä-alipaino;;;;
190;76;17.7154195;Lievä-alipaino;;;;
144;50;17.7221172;Lievä-alipaino;;;;
200;73;17.72853186;Lievä-alipaino;;;;
151;81;17.82322863;Lievä-alipaino;;;;
181;86;17.83590963;Lievä-alipaino;;;;
157;54;17.83590963;Lievä-alipaino;;;;
161;84;17.92114695;Lievä-alipaino;;;;
186;97;17.92114695;Lievä-alipaino;;;;
179;98;17.92821543;Lievä-alipaino;;;;
162;68;17.95918367;Lievä-alipaino;;;;
176;78;17.98706006;Lievä-alipaino;;;;
167;57;17.98706006;Lievä-alipaino;;;;
173;55;17.99307958;Lievä-alipaino;;;;
191;77;18;Lievä-alipaino;;;;
175;83;18;Lievä-alipaino;;;;
171;61;18.00554017;Lievä-alipaino;;;;
196;76;18.00554017;Lievä-alipaino;;;;
195;59;18.03705326;Lievä-alipaino;;;;
191;77;18.06972789;Lievä-alipaino;;;;
190;96;18.11375438;Lievä-alipaino;;;;
162;88;18.11375438;Lievä-alipaino;;;;
143;85;18.14486863;Lievä-alipaino;;;;
148;97;18.17491319;Lievä-alipaino;;;;
163;68;18.18135906;Lievä-alipaino;;;;
164;95;18.21019771;Lievä-alipaino;;;;
173;57;18.21493625;Lievä-alipaino;;;;
163;94;18.21493625;Lievä-alipaino;;;;
191;83;18.22157434;Lievä-alipaino;;;;
177;54;18.25;Lievä-alipaino;;;;
142;50;18.25;Lievä-alipaino;;;;
157;54;18.28677973;Lievä-alipaino;;;;
161;96;18.31285444;Lievä-alipaino;;;;
164;99;18.33351047;Lievä-alipaino;;;;
193;91;18.33910035;Lievä-alipaino;;;;
158;100;18.37682515;Lievä-alipaino;;;;
200;78;18.37682515;Lievä-alipaino;;;;
153;84;18.40134298;Lievä-alipaino;;;;
148;56;18.41390718;Lievä-alipaino;;;;
167;75;18.43387793;Lievä-alipaino;;;;
155;74;18.46722068;Lievä-alipaino;;;;
154;76;18.49924847;Normaali-paino;;;;
195;78;18.51851852;Normaali-paino;;;;
171;88;18.51851852;Normaali-paino;;;;
153;53;18.58789213;Normaali-paino;;;;
140;82;18.6122449;Normaali-paino;;;;
181;56;18.6122449;Normaali-paino;;;;
164;52;18.64534404;Normaali-paino;;;;
147;51;18.71094925;Normaali-paino;;;;
163;65;18.71754619;Normaali-paino;;;;
186;62;18.71754619;Normaali-paino;;;;
165;91;18.71754619;Normaali-paino;;;;
168;79;18.74219075;Normaali-paino;;;;
160;77;18.81006983;Normaali-paino;;;;
187;91;18.81006983;Normaali-paino;;;;
181;52;18.81892431;Normaali-paino;;;;
163;89;18.81892431;Normaali-paino;;;;
167;59;18.83239171;Normaali-paino;;;;
183;90;18.8365651;Normaali-paino;;;;
169;91;18.87066338;Normaali-paino;;;;
192;98;18.8738597;Normaali-paino;;;;
175;72;18.87562494;Normaali-paino;;;;
144;74;18.90690102;Normaali-paino;;;;
185;78;18.91395521;Normaali-paino;;;;
155;76;18.92915089;Normaali-paino;;;;
148;54;18.93491124;Normaali-paino;;;;
180;60;18.9370029;Normaali-paino;;;;
184;99;18.93877551;Normaali-paino;;;;
160;66;18.95654142;Normaali-paino;;;;
167;59;18.96192742;Normaali-paino;;;;
142;55;18.99196494;Normaali-paino;;;;
169;83;19;Normaali-paino;;;;
164;62;19.00249896;Normaali-paino;;;;
178;97;19.03642115;Normaali-paino;;;;
150;96;19.04507334;Normaali-paino;;;;
187;50;19.04700413;Normaali-paino;;;;
159;82;19.05197378;Normaali-paino;;;;
163;83;19.06091439;Normaali-paino;;;;
159;62;19.07734998;Normaali-paino;;;;
154;60;19.10009183;Normaali-paino;;;;
162;89;19.10009183;Normaali-paino;;;;
187;89;19.13061962;Normaali-paino;;;;
176;89;19.13580247;Normaali-paino;;;;
197;64;19.13580247;Normaali-paino;;;;
167;87;19.15982728;Normaali-paino;;;;
168;99;19.1880705;Normaali-paino;;;;
199;82;19.1953028;Normaali-paino;;;;
148;91;19.1989603;Normaali-paino;;;;
184;82;19.23947488;Normaali-paino;;;;
171;78;19.25;Normaali-paino;;;;
180;86;19.25998264;Normaali-paino;;;;
148;58;19.26530612;Normaali-paino;;;;
185;85;19.26530612;Normaali-paino;;;;
143;75;19.26717144;Normaali-paino;;;;
194;80;19.28414901;Normaali-paino;;;;
168;92;19.32937797;Normaali-paino;;;;
175;88;19.33372992;Normaali-paino;;;;
143;56;19.35020755;Normaali-paino;;;;
158;59;19.36247266;Normaali-paino;;;;
154;52;19.460881;Normaali-paino;;;;
158;72;19.47077787;Normaali-paino;;;;
140;77;19.48738275;Normaali-paino;;;;
155;85;19.5;Normaali-paino;;;;
193;82;19.52240833;Normaali-paino;;;;
145;68;19.53125;Normaali-paino;;;;
187;60;19.53125;Normaali-paino;;;;
141;64;19.57168128;Normaali-paino;;;;
200;94;19.57633309;Normaali-paino;;;;
147;74;19.57633309;Normaali-paino;;;;
168;80;19.5830864;Normaali-paino;;;;
159;66;19.59183673;Normaali-paino;;;;
182;81;19.6554515;Normaali-paino;;;;
171;79;19.66759003;Normaali-paino;;;;
154;72;19.66759003;Normaali-paino;;;;
143;84;19.67516685;Normaali-paino;;;;
150;60;19.70553242;Normaali-paino;;;;
166;100;19.70553242;Normaali-paino;;;;
159;56;19.70796381;Normaali-paino;;;;
159;50;19.72386588;Normaali-paino;;;;
174;59;19.72386588;Normaali-paino;;;;
160;50;19.75308642;Normaali-paino;;;;
182;81;19.77769867;Normaali-paino;;;;
154;51;19.77769867;Normaali-paino;;;;
157;90;19.78342357;Normaali-paino;;;;
142;92;19.80534178;Normaali-paino;;;;
168;72;19.83471074;Normaali-paino;;;;
141;79;19.84126984;Normaali-paino;;;;
147;99;19.89592899;Normaali-paino;;;;
150;88;19.921875;Normaali-paino;;;;
156;71;19.921875;Normaali-paino;;;;
177;76;19.92512982;Normaali-paino;;;;
187;88;19.92512982;Normaali-paino;;;;
166;80;19.94321255;Normaali-paino;;;;
195;92;19.94321255;Normaali-paino;;;;
143;84;19.94459834;Normaali-paino;;;;
178;88;19.94459834;Normaali-paino;;;;
184;70;19.94899119;Normaali-paino;;;;
175;85;19.95935549;Normaali-paino;;;;
194;69;19.97440779;Normaali-paino;;;;
187;52;19.97440779;Normaali-paino;;;;
169;99;19.97440779;Normaali-paino;;;;
150;80;20;Normaali-paino;;;;
147;67;20.01041638;Normaali-paino;;;;
175;86;20.01549587;Normaali-paino;;;;
176;78;20.02884153;Normaali-paino;;;;
161;54;20.07733492;Normaali-paino;;;;
160;77;20.07960128;Normaali-paino;;;;
173;80;20.09843078;Normaali-paino;;;;
171;62;20.13476872;Normaali-paino;;;;
151;60;20.17714852;Normaali-paino;;;;
198;89;20.17714852;Normaali-paino;;;;
199;84;20.19343182;Normaali-paino;;;;
145;89;20.19343182;Normaali-paino;;;;
161;77;20.19946976;Normaali-paino;;;;
168;80;20.22160665;Normaali-paino;;;;
166;57;20.22160665;Normaali-paino;;;;
188;90;20.24489796;Normaali-paino;;;;
186;71;20.25;Normaali-paino;;;;
152;62;20.28479857;Normaali-paino;;;;
169;92;20.28650791;Normaali-paino;;;;
185;91;20.30403998;Normaali-paino;;;;
185;67;20.30403998;Normaali-paino;;;;
153;57;20.30741221;Normaali-paino;;;;
166;72;20.32225287;Normaali-paino;;;;
141;72;20.37037037;Normaali-paino;;;;
197;73;20.37120869;Normaali-paino;;;;
151;100;20.37120869;Normaali-paino;;;;
191;86;20.38043478;Normaali-paino;;;;
154;93;20.38043478;Normaali-paino;;;;
142;71;20.38043478;Normaali-paino;;;;
166;94;20.4032323;Normaali-paino;;;;
141;94;20.41522491;Normaali-paino;;;;
165;76;20.42941836;Normaali-paino;;;;
183;59;20.43816558;Normaali-paino;;;;
173;96;20.44674202;Normaali-paino;;;;
181;88;20.44913742;Normaali-paino;;;;
186;57;20.47826661;Normaali-paino;;;;
190;72;20.49861496;Normaali-paino;;;;
158;62;20.5;Normaali-paino;;;;
180;56;20.5;Normaali-paino;;;;
151;83;20.51282051;Normaali-paino;;;;
166;92;20.51913409;Normaali-paino;;;;
146;58;20.52260377;Normaali-paino;;;;
163;61;20.54569362;Normaali-paino;;;;
177;75;20.57613169;Normaali-paino;;;;
146;63;20.58966513;Normaali-paino;;;;
199;73;20.60378035;Normaali-paino;;;;
144;50;20.61377516;Normaali-paino;;;;
167;89;20.61631944;Normaali-paino;;;;
164;99;20.66115702;Normaali-paino;;;;
146;86;20.66115702;Normaali-paino;;;;
152;67;20.6758034;Normaali-paino;;;;
173;89;20.6758034;Normaali-paino;;;;
191;90;20.68515024;Normaali-paino;;;;
197;99;20.69049454;Normaali-paino;;;;
140;93;20.70081674;Normaali-paino;;;;
196;53;20.70081674;Normaali-paino;;;;
149;95;20.70081674;Normaali-paino;;;;
180;60;20.703125;Normaali-paino;;;;
168;60;20.70654781;Normaali-paino;;;;
141;77;20.75;Normaali-paino;;;;
172;59;20.81165453;Normaali-paino;;;;
159;63;20.81165453;Normaali-paino;;;;
194;65;20.81165453;Normaali-paino;;;;
165;61;20.81165453;Normaali-paino;;;;
174;54;20.82093992;Normaali-paino;;;;
146;57;20.82093992;Normaali-paino;;;;
180;56;20.82999519;Normaali-paino;;;;
179;65;20.82999519;Normaali-paino;;;;
165;60;20.83252961;Normaali-paino;;;;
146;55;20.86111966;Normaali-paino;;;;
184;89;20.87144734;Normaali-paino;;;;
149;52;20.90238586;Normaali-paino;;;;
171;65;20.94015947;Normaali-paino;;;;
193;67;20.9839876;Normaali-paino;;;;
191;52;20.98765432;Normaali-paino;;;;
141;55;20.99054097;Normaali-paino;;;;
155;50;21.04804761;Normaali-paino;;;;
187;88;21.05263158;Normaali-paino;;;;
168;100;21.05263158;Normaali-paino;;;;
165;60;21.07719523;Normaali-paino;;;;
164;51;21.08281329;Normaali-paino;;;;
145;74;21.08281329;Normaali-paino;;;;
159;57;21.08281329;Normaali-paino;;;;
157;84;21.10070528;Normaali-paino;;;;
199;94;21.10687755;Normaali-paino;;;;
148;94;21.10687755;Normaali-paino;;;;
148;64;21.13885586;Normaali-paino;;;;
140;98;21.1552942;Normaali-paino;;;;
150;50;21.1552942;Normaali-paino;;;;
198;89;21.15885417;Normaali-paino;;;;
191;86;21.15885417;Normaali-paino;;;;
193;88;21.19274242;Normaali-paino;;;;
188;72;21.20099137;Normaali-paino;;;;
193;76;21.20310523;Normaali-paino;;;;
200;94;21.20862305;Normaali-paino;;;;
198;94;21.21158557;Normaali-paino;;;;
171;84;21.2244898;Normaali-paino;;;;
156;73;21.22788762;Normaali-paino;;;;
182;75;21.25624402;Normaali-paino;;;;
157;53;21.25624402;Normaali-paino;;;;
152;81;21.2585034;Normaali-paino;;;;
151;93;21.32963989;Normaali-paino;;;;
146;83;21.33821064;Normaali-paino;;;;
146;73;21.33821064;Normaali-paino;;;;
177;50;21.3452728;Normaali-paino;;;;
164;68;21.38099285;Normaali-paino;;;;
194;88;21.383942;Normaali-paino;;;;
187;66;21.38975604;Normaali-paino;;;;
179;77;21.41094498;Normaali-paino;;;;
164;80;21.47708663;Normaali-paino;;;;
167;86;21.484375;Normaali-paino;;;;
175;66;21.49959688;Normaali-paino;;;;
144;53;21.50188649;Normaali-paino;;;;
157;95;21.50188649;Normaali-paino;;;;
166;71;21.50446956;Normaali-paino;;;;
165;71;21.52194707;Normaali-paino;;;;
154;90;21.5349084;Normaali-paino;;;;
199;59;21.55102041;Normaali-paino;;;;
163;55;21.60558101;Normaali-paino;;;;
192;61;21.61281179;Normaali-paino;;;;
192;58;21.61281179;Normaali-paino;;;;
174;64;21.64412071;Normaali-paino;;;;
180;68;21.64446391;Normaali-paino;;;;
192;78;21.6788068;Normaali-paino;;;;
140;52;21.68146108;Normaali-paino;;;;
164;87;21.70138889;Normaali-paino;;;;
163;63;21.70138889;Normaali-paino;;;;
145;94;21.70138889;Normaali-paino;;;;
149;56;21.70792339;Normaali-paino;;;;
153;59;21.71806609;Normaali-paino;;;;
191;91;21.74555022;Normaali-paino;;;;
193;80;21.75546853;Normaali-paino;;;;
179;76;21.79930796;Normaali-paino;;;;
141;100;21.87242282;Normaali-paino;;;;
160;88;21.88707637;Normaali-paino;;;;
158;52;21.9021361;Normaali-paino;;;;
179;83;21.90758246;Normaali-paino;;;;
173;55;21.90758246;Normaali-paino;;;;
153;85;21.92612582;Normaali-paino;;;;
185;56;21.92612582;Normaali-paino;;;;
166;95;21.93634741;Normaali-paino;;;;
189;86;21.93653709;Normaali-paino;;;;
175;59;22;Normaali-paino;;;;
190;62;22.0140138;Normaali-paino;;;;
142;65;22.01950299;Normaali-paino;;;;
163;67;22.03856749;Normaali-paino;;;;
175;98;22.03856749;Normaali-paino;;;;
144;64;22.05805119;Normaali-paino;;;;
165;52;22.09680791;Normaali-paino;;;;
172;50;22.09680791;Normaali-paino;;;;
166;70;22.09680791;Normaali-paino;;;;
200;55;22.10028959;Normaali-paino;;;;
168;50;22.12619742;Normaali-paino;;;;
178;78;22.13673973;Normaali-paino;;;;
173;81;22.15102251;Normaali-paino;;;;
186;85;22.15910864;Normaali-paino;;;;
155;84;22.16066482;Normaali-paino;;;;
165;75;22.20408163;Normaali-paino;;;;
149;56;22.22166107;Normaali-paino;;;;
155;51;22.22222222;Normaali-paino;;;;
160;65;22.22222222;Normaali-paino;;;;
180;84;22.22906193;Normaali-paino;;;;
149;61;22.22906193;Normaali-paino;;;;
175;80;22.25;Normaali-paino;;;;
183;74;22.27530992;Normaali-paino;;;;
168;91;22.28259211;Normaali-paino;;;;
180;94;22.31905622;Normaali-paino;;;;
198;52;22.32142857;Normaali-paino;;;;
171;54;22.34351559;Normaali-paino;;;;
200;89;22.35174287;Normaali-paino;;;;
170;71;22.35371466;Normaali-paino;;;;
141;57;22.38650562;Normaali-paino;;;;
147;54;22.40587695;Normaali-paino;;;;
163;82;22.40587695;Normaali-paino;;;;
189;90;22.40817899;Normaali-paino;;;;
150;55;22.40878677;Normaali-paino;;;;
186;68;22.43230252;Normaali-paino;;;;
188;52;22.44801512;Normaali-paino;;;;
188;69;22.44801512;Normaali-paino;;;;
162;78;22.44801512;Normaali-paino;;;;
199;58;22.47745402;Normaali-paino;;;;
176;98;22.49817385;Normaali-paino;;;;
180;99;22.49817385;Normaali-paino;;;;
162;56;22.51519097;Normaali-paino;;;;
157;62;22.51519097;Normaali-paino;;;;
154;50;22.52150804;Normaali-paino;;;;
199;99;22.53061224;Normaali-paino;;;;
140;99;22.5308642;Normaali-paino;;;;
185;77;22.54595907;Normaali-paino;;;;
153;58;22.54657648;Normaali-paino;;;;
183;87;22.55094096;Normaali-paino;;;;
154;68;22.5710475;Normaali-paino;;;;
149;88;22.58270917;Normaali-paino;;;;
141;98;22.58955144;Normaali-paino;;;;
171;60;22.5981405;Normaali-paino;;;;
169;58;22.63467632;Normaali-paino;;;;
161;75;22.64086462;Normaali-paino;;;;
200;83;22.64219297;Normaali-paino;;;;
196;89;22.64737696;Normaali-paino;;;;
185;66;22.67573696;Normaali-paino;;;;
146;65;22.67995241;Normaali-paino;;;;
166;50;22.67995241;Normaali-paino;;;;
145;95;22.70176513;Normaali-paino;;;;
155;100;22.70176513;Normaali-paino;;;;
148;78;22.72440348;Normaali-paino;;;;
176;57;22.75;Normaali-paino;;;;
170;67;22.75156931;Normaali-paino;;;;
163;50;22.77318641;Normaali-paino;;;;
189;98;22.79035793;Normaali-paino;;;;
155;56;22.79035793;Normaali-paino;;;;
143;54;22.79035793;Normaali-paino;;;;
165;98;22.83287935;Normaali-paino;;;;
191;64;22.83287935;Normaali-paino;;;;
175;85;22.83737024;Normaali-paino;;;;
186;88;22.83950617;Normaali-paino;;;;
159;65;22.86236854;Normaali-paino;;;;
173;80;22.86253448;Normaali-paino;;;;
140;74;22.86253448;Normaali-paino;;;;
187;65;22.8774057;Normaali-paino;;;;
142;90;22.89281998;Normaali-paino;;;;
154;65;22.92097107;Normaali-paino;;;;
147;51;22.94213045;Normaali-paino;;;;
166;90;22.95908766;Normaali-paino;;;;
175;59;22.9719382;Normaali-paino;;;;
163;75;22.9792177;Normaali-paino;;;;
154;78;22.98190175;Normaali-paino;;;;
164;53;23;Normaali-paino;;;;
169;64;23.01117686;Normaali-paino;;;;
190;96;23.01117686;Normaali-paino;;;;
158;74;23.0256846;Normaali-paino;;;;
154;66;23.03004535;Normaali-paino;;;;
143;63;23.05175491;Normaali-paino;;;;
164;82;23.05456246;Normaali-paino;;;;
155;94;23.05456246;Normaali-paino;;;;
188;67;23.05772569;Normaali-paino;;;;
176;71;23.06805075;Normaali-paino;;;;
172;57;23.1385071;Normaali-paino;;;;
190;65;23.16743024;Normaali-paino;;;;
187;51;23.183391;Normaali-paino;;;;
141;74;23.23173657;Normaali-paino;;;;
168;88;23.23173657;Normaali-paino;;;;
198;54;23.23345618;Normaali-paino;;;;
195;74;23.2356317;Normaali-paino;;;;
140;100;23.24459454;Normaali-paino;;;;
178;54;23.28341855;Normaali-paino;;;;
161;74;23.2997999;Normaali-paino;;;;
163;84;23.30905307;Normaali-paino;;;;
154;83;23.35563691;Normaali-paino;;;;
156;56;23.38186842;Normaali-paino;;;;
170;50;23.38186842;Normaali-paino;;;;
183;53;23.42209073;Normaali-paino;;;;
194;88;23.42236836;Normaali-paino;;;;
196;73;23.48347669;Normaali-paino;;;;
194;76;23.48425545;Normaali-paino;;;;
150;98;23.49523687;Normaali-paino;;;;
179;59;23.5;Normaali-paino;;;;
181;56;23.5;Normaali-paino;;;;
181;55;23.5;Normaali-paino;;;;
155;89;23.5;Normaali-paino;;;;
200;52;23.51020408;Normaali-paino;;;;
168;64;23.57391519;Normaali-paino;;;;
166;100;23.57391519;Normaali-paino;;;;
161;74;23.58832922;Normaali-paino;;;;
192;83;23.60127725;Normaali-paino;;;;
147;76;23.60127725;Normaali-paino;;;;
187;52;23.6247953;Normaali-paino;;;;
143;78;23.63403301;Normaali-paino;;;;
148;71;23.63403301;Normaali-paino;;;;
156;84;23.64757147;Normaali-paino;;;;
168;88;23.66524436;Normaali-paino;;;;
194;64;23.67125363;Normaali-paino;;;;
165;97;23.71184463;Normaali-paino;;;;
165;88;23.71960925;Normaali-paino;;;;
168;90;23.71960925;Normaali-paino;;;;
191;70;23.72206918;Normaali-paino;;;;
162;97;23.73677432;Normaali-paino;;;;
188;89;23.73995617;Normaali-paino;;;;
186;78;23.7654321;Normaali-paino;;;;
185;58;23.7654321;Normaali-paino;;;;
176;65;23.76641014;Normaali-paino;;;;
182;62;23.78121284;Normaali-paino;;;;
186;59;23.80879705;Normaali-paino;;;;
193;75;23.82271468;Normaali-paino;;;;
196;82;23.8330046;Normaali-paino;;;;
166;61;23.8330046;Normaali-paino;;;;
158;88;23.88946281;Normaali-paino;;;;
141;80;23.922423;Normaali-paino;;;;
144;85;23.92485822;Normaali-paino;;;;
143;93;23.92485822;Normaali-paino;;;;
199;64;23.92568962;Normaali-paino;;;;
176;92;23.92568962;Normaali-paino;;;;
148;66;23.93162393;Normaali-paino;;;;
190;56;23.93606231;Normaali-paino;;;;
177;96;23.93948099;Normaali-paino;;;;
150;54;23.94835485;Normaali-paino;;;;
178;74;23.96351362;Normaali-paino;;;;
143;88;23.97714519;Normaali-paino;;;;
181;92;24;Normaali-paino;;;;
169;54;24;Normaali-paino;;;;
194;62;24.02380867;Normaali-paino;;;;
180;77;24.02380867;Normaali-paino;;;;
147;88;24.03170937;Normaali-paino;;;;
179;76;24.03170937;Normaali-paino;;;;
184;65;24.03460984;Normaali-paino;;;;
161;72;24.03460984;Normaali-paino;;;;
156;97;24.05693475;Normaali-paino;;;;
190;62;24.06404739;Normaali-paino;;;;
140;70;24.07547381;Normaali-paino;;;;
171;50;24.11265432;Normaali-paino;;;;
158;57;24.11265432;Normaali-paino;;;;
187;99;24.11265432;Normaali-paino;;;;
198;50;24.14151925;Normaali-paino;;;;
157;99;24.14151925;Normaali-paino;;;;
186;51;24.1516725;Normaali-paino;;;;
158;57;24.15881797;Normaali-paino;;;;
161;67;24.19460881;Normaali-paino;;;;
181;93;24.22022684;Normaali-paino;;;;
196;78;24.22022684;Normaali-paino;;;;
183;90;24.2568371;Normaali-paino;;;;
155;81;24.25867407;Normaali-paino;;;;
160;91;24.30724356;Normaali-paino;;;;
192;53;24.33747972;Normaali-paino;;;;
193;84;24.34380949;Normaali-paino;;;;
142;69;24.34960912;Normaali-paino;;;;
164;77;24.38652644;Normaali-paino;;;;
150;81;24.4140625;Normaali-paino;;;;
169;90;24.43018605;Normaali-paino;;;;
195;62;24.43518667;Normaali-paino;;;;
169;86;24.44444444;Normaali-paino;;;;
151;71;24.44444444;Normaali-paino;;;;
170;90;24.45356841;Normaali-paino;;;;
162;58;24.45356841;Normaali-paino;;;;
173;81;24.45759369;Normaali-paino;;;;
167;74;24.4646016;Normaali-paino;;;;
154;60;24.46897126;Normaali-paino;;;;
200;94;24.48729721;Normaali-paino;;;;
163;51;24.49433095;Normaali-paino;;;;
146;72;24.5;Normaali-paino;;;;
194;54;24.50894577;Normaali-paino;;;;
171;82;24.52434635;Normaali-paino;;;;
167;96;24.52434635;Normaali-paino;;;;
183;94;24.53512397;Normaali-paino;;;;
146;70;24.54346238;Normaali-paino;;;;
173;82;24.56747405;Normaali-paino;;;;
149;58;24.56931437;Normaali-paino;;;;
142;96;24.6097337;Normaali-paino;;;;
169;97;24.61810377;Normaali-paino;;;;
183;87;24.63536855;Normaali-paino;;;;
190;91;24.65303141;Normaali-paino;;;;
189;88;24.65373961;Normaali-paino;;;;
145;52;24.65373961;Normaali-paino;;;;
157;98;24.65483235;Normaali-paino;;;;
158;96;24.67037636;Normaali-paino;;;;
184;69;24.67105263;Normaali-paino;;;;
166;52;24.67702134;Normaali-paino;;;;
167;90;24.71038368;Normaali-paino;;;;
192;83;24.72057857;Normaali-paino;;;;
199;72;24.73246136;Normaali-paino;;;;
161;92;24.74237323;Normaali-paino;;;;
159;79;24.74745426;Normaali-paino;;;;
168;93;24.75546432;Normaali-paino;;;;
174;83;24.76756592;Normaali-paino;;;;
192;56;24.77679525;Normaali-paino;;;;
140;75;24.78425752;Normaali-paino;;;;
156;67;24.79666733;Normaali-paino;;;;
167;98;24.79666733;Normaali-paino;;;;
171;90;24.79666733;Normaali-paino;;;;
151;67;24.79666733;Normaali-paino;;;;
144;77;24.81096408;Normaali-paino;;;;
163;52;24.81096408;Normaali-paino;;;;
190;60;24.81632653;Normaali-paino;;;;
191;55;24.81632653;Normaali-paino;;;;
159;50;24.83564646;Normaali-paino;;;;
197;84;24.8357635;Normaali-paino;;;;
179;78;24.85795455;Normaali-paino;;;;
162;80;24.86395196;Normaali-paino;;;;
140;50;24.88888889;Normaali-paino;;;;
164;56;24.91990032;Normaali-paino;;;;
164;86;24.94449165;Normaali-paino;;;;
168;76;24.94449165;Normaali-paino;;;;
152;72;24.94449165;Normaali-paino;;;;
146;62;24.96494648;Normaali-paino;;;;
180;81;24.96800974;Normaali-paino;;;;
155;73;24.97704316;Normaali-paino;;;;
174;83;24.98356345;Normaali-paino;;;;
197;100;24.98958767;Normaali-paino;;;;
143;69;24.98958767;Normaali-paino;;;;
179;98;24.99420238;Lievä-lihavuus;;;;
164;55;24.9993687;Lievä-lihavuus;;;;
193;72;25;Lievä-lihavuus;;;;
161;80;25;Lievä-lihavuus;;;;
159;62;25.03991871;Lievä-lihavuus;;;;
191;85;25.07619305;Lievä-lihavuus;;;;
189;96;25.07716049;Lievä-lihavuus;;;;
190;64;25.0995016;Lievä-lihavuus;;;;
151;93;25.10956903;Lievä-lihavuus;;;;
154;95;25.14741589;Lievä-lihavuus;;;;
157;98;25.1486054;Lievä-lihavuus;;;;
142;92;25.15315023;Lievä-lihavuus;;;;
147;52;25.15589569;Lievä-lihavuus;;;;
149;59;25.16514627;Lievä-lihavuus;;;;
194;55;25.16514627;Lievä-lihavuus;;;;
187;50;25.18078512;Lievä-lihavuus;;;;
150;63;25.18078512;Lievä-lihavuus;;;;
167;66;25.18078512;Lievä-lihavuus;;;;
195;60;25.18107741;Lievä-lihavuus;;;;
153;55;25.19526329;Lievä-lihavuus;;;;
178;53;25.20398137;Lievä-lihavuus;;;;
194;100;25.20775623;Lievä-lihavuus;;;;
148;51;25.20920136;Lievä-lihavuus;;;;
142;50;25.21625331;Lievä-lihavuus;;;;
187;90;25.21735858;Lievä-lihavuus;;;;
161;81;25.224089;Lievä-lihavuus;;;;
161;67;25.224089;Lievä-lihavuus;;;;
160;55;25.25187457;Lievä-lihavuus;;;;
188;56;25.25252525;Lievä-lihavuus;;;;
153;90;25.2825699;Lievä-lihavuus;;;;
169;78;25.29937595;Lievä-lihavuus;;;;
169;72;25.29937595;Lievä-lihavuus;;;;
160;71;25.30693205;Lievä-lihavuus;;;;
186;87;25.30864198;Lievä-lihavuus;;;;
143;80;25.33333333;Lievä-lihavuus;;;;
167;73;25.33500198;Lievä-lihavuus;;;;
158;95;25.35925613;Lievä-lihavuus;;;;
170;97;25.35925613;Lievä-lihavuus;;;;
185;84;25.39021852;Lievä-lihavuus;;;;
168;65;25.390625;Lievä-lihavuus;;;;
161;69;25.390625;Lievä-lihavuus;;;;
178;64;25.40281608;Lievä-lihavuus;;;;
144;70;25.43646664;Lievä-lihavuus;;;;
196;70;25.43646664;Lievä-lihavuus;;;;
145;74;25.45111384;Lievä-lihavuus;;;;
153;77;25.45111384;Lievä-lihavuus;;;;
198;86;25.46401086;Lievä-lihavuus;;;;
148;96;25.46401086;Lievä-lihavuus;;;;
200;72;25.50404038;Lievä-lihavuus;;;;
190;72;25.50749283;Lievä-lihavuus;;;;
152;95;25.5095332;Lievä-lihavuus;;;;
192;78;25.50954675;Lievä-lihavuus;;;;
168;90;25.51020408;Lievä-lihavuus;;;;
155;80;25.51020408;Lievä-lihavuus;;;;
162;60;25.53544639;Lievä-lihavuus;;;;
186;57;25.55932916;Lievä-lihavuus;;;;
161;77;25.55941358;Lievä-lihavuus;;;;
162;65;25.56495392;Lievä-lihavuus;;;;
170;59;25.56610665;Lievä-lihavuus;;;;
165;74;25.59373706;Lievä-lihavuus;;;;
167;56;25.71100827;Lievä-lihavuus;;;;
141;82;25.72755521;Lievä-lihavuus;;;;
189;58;25.73708141;Lievä-lihavuus;;;;
153;61;25.74694432;Lievä-lihavuus;;;;
174;89;25.76571346;Lievä-lihavuus;;;;
184;88;25.76721894;Lievä-lihavuus;;;;
153;94;25.77051229;Lievä-lihavuus;;;;
192;76;25.77251808;Lievä-lihavuus;;;;
193;98;25.78125;Lievä-lihavuus;;;;
192;96;25.79591837;Lievä-lihavuus;;;;
150;68;25.79591837;Lievä-lihavuus;;;;
183;69;25.8022143;Lievä-lihavuus;;;;
156;67;25.84776822;Lievä-lihavuus;;;;
197;52;25.84776822;Lievä-lihavuus;;;;
168;76;25.9043101;Lievä-lihavuus;;;;
166;69;25.90945695;Lievä-lihavuus;;;;
188;79;25.91068435;Lievä-lihavuus;;;;
196;99;25.92592593;Lievä-lihavuus;;;;
195;62;25.96454217;Lievä-lihavuus;;;;
157;61;25.97867957;Lievä-lihavuus;;;;
188;80;25.97867957;Lievä-lihavuus;;;;
175;51;25.99243856;Lievä-lihavuus;;;;
194;96;26.02304899;Lievä-lihavuus;;;;
163;97;26.02304899;Lievä-lihavuus;;;;
171;88;26.02758248;Lievä-lihavuus;;;;
169;89;26.04166667;Lievä-lihavuus;;;;
144;94;26.04166667;Lievä-lihavuus;;;;
192;80;26.05835362;Lievä-lihavuus;;;;
162;93;26.06167931;Lievä-lihavuus;;;;
145;57;26.06167931;Lievä-lihavuus;;;;
159;83;26.07897153;Lievä-lihavuus;;;;
157;84;26.07897153;Lievä-lihavuus;;;;
151;87;26.10656224;Lievä-lihavuus;;;;
176;69;26.10656224;Lievä-lihavuus;;;;
188;72;26.12244898;Lievä-lihavuus;;;;
184;76;26.12244898;Lievä-lihavuus;;;;
158;51;26.12494933;Lievä-lihavuus;;;;
175;57;26.12494933;Lievä-lihavuus;;;;
161;51;26.12494933;Lievä-lihavuus;;;;
146;51;26.12861083;Lievä-lihavuus;;;;
196;72;26.17519452;Lievä-lihavuus;;;;
159;96;26.21882086;Lievä-lihavuus;;;;
147;65;26.25072495;Lievä-lihavuus;;;;
185;78;26.28780718;Lievä-lihavuus;;;;
168;89;26.29848784;Lievä-lihavuus;;;;
194;81;26.29848784;Lievä-lihavuus;;;;
157;97;26.30901656;Lievä-lihavuus;;;;
175;99;26.30943113;Lievä-lihavuus;;;;
186;62;26.31463532;Lievä-lihavuus;;;;
191;73;26.31578947;Lievä-lihavuus;;;;
150;82;26.33288875;Lievä-lihavuus;;;;
140;75;26.37023814;Lievä-lihavuus;;;;
143;80;26.40715927;Lievä-lihavuus;;;;
199;88;26.44628099;Lievä-lihavuus;;;;
196;50;26.47918188;Lievä-lihavuus;;;;
152;96;26.47918188;Lievä-lihavuus;;;;
166;97;26.4915082;Lievä-lihavuus;;;;
163;56;26.51180407;Lievä-lihavuus;;;;
146;83;26.53061224;Lievä-lihavuus;;;;
159;98;26.53375883;Lievä-lihavuus;;;;
186;72;26.54320988;Lievä-lihavuus;;;;
198;81;26.56434475;Lievä-lihavuus;;;;
179;62;26.56683975;Lievä-lihavuus;;;;
167;63;26.57030503;Lievä-lihavuus;;;;
190;77;26.57312925;Lievä-lihavuus;;;;
170;86;26.57537949;Lievä-lihavuus;;;;
161;97;26.57589059;Lievä-lihavuus;;;;
146;62;26.5831758;Lievä-lihavuus;;;;
150;81;26.58420139;Lievä-lihavuus;;;;
140;98;26.58420139;Lievä-lihavuus;;;;
186;75;26.58875091;Lievä-lihavuus;;;;
146;92;26.58875091;Lievä-lihavuus;;;;
175;57;26.59266967;Lievä-lihavuus;;;;
145;82;26.59279778;Lievä-lihavuus;;;;
159;79;26.59279778;Lievä-lihavuus;;;;
171;64;26.59498413;Lievä-lihavuus;;;;
150;67;26.61934339;Lievä-lihavuus;;;;
148;55;26.66666667;Lievä-lihavuus;;;;
155;58;26.67487432;Lievä-lihavuus;;;;
189;54;26.67487432;Lievä-lihavuus;;;;
147;94;26.7299275;Lievä-lihavuus;;;;
190;76;26.7299275;Lievä-lihavuus;;;;
177;51;26.7299275;Lievä-lihavuus;;;;
149;51;26.74047664;Lievä-lihavuus;;;;
149;76;26.77593411;Lievä-lihavuus;;;;
189;60;26.81359045;Lievä-lihavuus;;;;
187;59;26.82742078;Lievä-lihavuus;;;;
187;58;26.83518006;Lievä-lihavuus;;;;
200;76;26.83518006;Lievä-lihavuus;;;;
154;68;26.86120692;Lievä-lihavuus;;;;
156;75;26.86120692;Lievä-lihavuus;;;;
151;80;26.8744961;Lievä-lihavuus;;;;
183;66;26.8744961;Lievä-lihavuus;;;;
157;50;26.87494751;Lievä-lihavuus;;;;
182;52;26.88172043;Lievä-lihavuus;;;;
159;81;26.89232314;Lievä-lihavuus;;;;
177;91;26.92743764;Lievä-lihavuus;;;;
175;83;26.92743764;Lievä-lihavuus;;;;
198;63;26.92743764;Lievä-lihavuus;;;;
184;58;26.95984034;Lievä-lihavuus;;;;
162;75;27.01685989;Lievä-lihavuus;;;;
154;75;27.02580965;Lievä-lihavuus;;;;
145;64;27.06405159;Lievä-lihavuus;;;;
200;72;27.06405159;Lievä-lihavuus;;;;
174;87;27.09925101;Lievä-lihavuus;;;;
156;60;27.10204082;Lievä-lihavuus;;;;
159;99;27.10204082;Lievä-lihavuus;;;;
155;87;27.11058264;Lievä-lihavuus;;;;
158;58;27.1177686;Lievä-lihavuus;;;;
197;78;27.1468144;Lievä-lihavuus;;;;
196;51;27.16049383;Lievä-lihavuus;;;;
189;54;27.16161159;Lievä-lihavuus;;;;
177;80;27.17077119;Lievä-lihavuus;;;;
193;63;27.17310162;Lievä-lihavuus;;;;
150;56;27.18089991;Lievä-lihavuus;;;;
185;97;27.19178983;Lievä-lihavuus;;;;
185;51;27.20960781;Lievä-lihavuus;;;;
175;68;27.21730295;Lievä-lihavuus;;;;
163;91;27.27633406;Lievä-lihavuus;;;;
192;98;27.30996814;Lievä-lihavuus;;;;
189;83;27.35884546;Lievä-lihavuus;;;;
180;88;27.38520221;Lievä-lihavuus;;;;
170;81;27.39817568;Lievä-lihavuus;;;;
161;76;27.40765728;Lievä-lihavuus;;;;
172;72;27.41445369;Lievä-lihavuus;;;;
143;80;27.41445369;Lievä-lihavuus;;;;
184;82;27.41445369;Lievä-lihavuus;;;;
173;80;27.42857143;Lievä-lihavuus;;;;
172;97;27.43484225;Lievä-lihavuus;;;;
154;63;27.45982194;Lievä-lihavuus;;;;
199;68;27.46481071;Lievä-lihavuus;;;;
181;88;27.46481071;Lievä-lihavuus;;;;
173;69;27.4716889;Lievä-lihavuus;;;;
184;90;27.47623981;Lievä-lihavuus;;;;
186;72;27.48842593;Lievä-lihavuus;;;;
141;78;27.53122945;Lievä-lihavuus;;;;
183;70;27.53122945;Lievä-lihavuus;;;;
170;80;27.54820937;Lievä-lihavuus;;;;
182;88;27.54820937;Lievä-lihavuus;;;;
190;71;27.54820937;Lievä-lihavuus;;;;
152;62;27.55102041;Lievä-lihavuus;;;;
173;69;27.60945176;Lievä-lihavuus;;;;
167;51;27.66009594;Lievä-lihavuus;;;;
195;66;27.6646044;Lievä-lihavuus;;;;
185;91;27.67873898;Lievä-lihavuus;;;;
172;97;27.6816609;Lievä-lihavuus;;;;
171;65;27.734375;Lievä-lihavuus;;;;
162;96;27.74474832;Lievä-lihavuus;;;;
150;75;27.75510204;Lievä-lihavuus;;;;
186;94;27.75510204;Lievä-lihavuus;;;;
143;77;27.76342975;Lievä-lihavuus;;;;
151;62;27.76979795;Lievä-lihavuus;;;;
194;80;27.76979795;Lievä-lihavuus;;;;
165;75;27.77427093;Lievä-lihavuus;;;;
170;81;27.77670615;Lievä-lihavuus;;;;
200;61;27.82931354;Lievä-lihavuus;;;;
151;75;27.87422368;Lievä-lihavuus;;;;
158;56;27.87422368;Lievä-lihavuus;;;;
163;100;27.91551882;Lievä-lihavuus;;;;
160;65;27.94214333;Lievä-lihavuus;;;;
200;61;27.97067901;Lievä-lihavuus;;;;
196;78;27.99036281;Lievä-lihavuus;;;;
148;99;28;Lievä-lihavuus;;;;
171;73;28;Lievä-lihavuus;;;;
144;66;28.02768166;Lievä-lihavuus;;;;
176;76;28.02768166;Lievä-lihavuus;;;;
146;75;28.03792346;Lievä-lihavuus;;;;
187;67;28.03792346;Lievä-lihavuus;;;;
181;96;28.04281659;Lievä-lihavuus;;;;
196;53;28.06891815;Lievä-lihavuus;;;;
155;73;28.08163265;Lievä-lihavuus;;;;
196;85;28.08217087;Lievä-lihavuus;;;;
148;95;28.08626033;Lievä-lihavuus;;;;
184;53;28.08641975;Lievä-lihavuus;;;;
145;65;28.13365651;Lievä-lihavuus;;;;
143;98;28.22838647;Lievä-lihavuus;;;;
140;58;28.31078956;Lievä-lihavuus;;;;
187;54;28.32658037;Lievä-lihavuus;;;;
182;60;28.34185537;Lievä-lihavuus;;;;
146;93;28.3446712;Lievä-lihavuus;;;;
193;95;28.3446712;Lievä-lihavuus;;;;
169;81;28.36035153;Lievä-lihavuus;;;;
170;66;28.38480216;Lievä-lihavuus;;;;
197;85;28.38741186;Lievä-lihavuus;;;;
193;71;28.38741186;Lievä-lihavuus;;;;
144;57;28.398718;Lievä-lihavuus;;;;
190;89;28.40054796;Lievä-lihavuus;;;;
200;61;28.40818411;Lievä-lihavuus;;;;
147;73;28.47988608;Lievä-lihavuus;;;;
152;94;28.515625;Lievä-lihavuus;;;;
192;80;28.54828132;Lievä-lihavuus;;;;
197;54;28.54828132;Lievä-lihavuus;;;;
182;80;28.56648199;Lievä-lihavuus;;;;
155;73;28.57796068;Lievä-lihavuus;;;;
161;93;28.57796068;Lievä-lihavuus;;;;
163;55;28.57796068;Lievä-lihavuus;;;;
145;88;28.61700131;Lievä-lihavuus;;;;
157;70;28.62147037;Lievä-lihavuus;;;;
175;76;28.62879239;Lievä-lihavuus;;;;
175;84;28.65013774;Lievä-lihavuus;;;;
184;84;28.67059001;Lievä-lihavuus;;;;
180;74;28.67262608;Lievä-lihavuus;;;;
149;58;28.67262608;Lievä-lihavuus;;;;
191;52;28.67262608;Lievä-lihavuus;;;;
155;52;28.6801111;Lievä-lihavuus;;;;
178;84;28.71972318;Lievä-lihavuus;;;;
192;52;28.72678773;Lievä-lihavuus;;;;
140;88;28.73192149;Lievä-lihavuus;;;;
197;55;28.73467206;Lievä-lihavuus;;;;
142;98;28.73469388;Lievä-lihavuus;;;;
153;54;28.73563218;Lievä-lihavuus;;;;
191;91;28.73563218;Lievä-lihavuus;;;;
145;68;28.7641341;Lievä-lihavuus;;;;
180;77;28.80441397;Lievä-lihavuus;;;;
169;77;28.84153181;Lievä-lihavuus;;;;
167;67;28.87544005;Lievä-lihavuus;;;;
162;85;28.92622352;Lievä-lihavuus;;;;
192;85;28.9340689;Lievä-lihavuus;;;;
149;76;28.93518519;Lievä-lihavuus;;;;
141;93;28.95900015;Lievä-lihavuus;;;;
145;75;28.98114344;Lievä-lihavuus;;;;
151;69;28.99930748;Lievä-lihavuus;;;;
166;84;29.01234568;Lievä-lihavuus;;;;
159;58;29.02531132;Lievä-lihavuus;;;;
170;89;29.03178981;Lievä-lihavuus;;;;
166;58;29.03673779;Lievä-lihavuus;;;;
175;60;29.03673779;Lievä-lihavuus;;;;
173;64;29.04657027;Lievä-lihavuus;;;;
170;94;29.05328798;Lievä-lihavuus;;;;
178;97;29.06060712;Lievä-lihavuus;;;;
175;69;29.06060712;Lievä-lihavuus;;;;
170;52;29.06592681;Lievä-lihavuus;;;;
144;79;29.08163265;Lievä-lihavuus;;;;
153;93;29.08613248;Lievä-lihavuus;;;;
176;62;29.08613248;Lievä-lihavuus;;;;
150;99;29.08613248;Lievä-lihavuus;;;;
146;73;29.17488494;Lievä-lihavuus;;;;
173;91;29.2184076;Lievä-lihavuus;;;;
198;97;29.2184076;Lievä-lihavuus;;;;
154;82;29.24149338;Lievä-lihavuus;;;;
166;97;29.30313482;Lievä-lihavuus;;;;
156;56;29.31985649;Lievä-lihavuus;;;;
200;67;29.32098765;Lievä-lihavuus;;;;
192;51;29.33333333;Lievä-lihavuus;;;;
149;68;29.34003963;Lievä-lihavuus;;;;
161;65;29.3523545;Lievä-lihavuus;;;;
173;77;29.37239738;Lievä-lihavuus;;;;
154;50;29.37758264;Lievä-lihavuus;;;;
195;98;29.38467611;Lievä-lihavuus;;;;
156;57;29.39622143;Lievä-lihavuus;;;;
179;93;29.39622143;Lievä-lihavuus;;;;
163;83;29.41743827;Lievä-lihavuus;;;;
173;91;29.55526365;Lievä-lihavuus;;;;
151;73;29.58579882;Lievä-lihavuus;;;;
157;53;29.59183673;Lievä-lihavuus;;;;
157;97;29.64268547;Lievä-lihavuus;;;;
185;77;29.67494522;Lievä-lihavuus;;;;
186;66;29.70041322;Lievä-lihavuus;;;;
146;92;29.70564407;Lievä-lihavuus;;;;
156;50;29.70564407;Lievä-lihavuus;;;;
160;99;29.70564407;Lievä-lihavuus;;;;
156;58;29.71428571;Lievä-lihavuus;;;;
199;63;29.7210791;Lievä-lihavuus;;;;
170;63;29.73704434;Lievä-lihavuus;;;;
182;95;29.74419988;Lievä-lihavuus;;;;
146;61;29.75778547;Lievä-lihavuus;;;;
176;50;29.75778547;Lievä-lihavuus;;;;
140;80;29.77777778;Lievä-lihavuus;;;;
177;70;29.99671269;Merkittävä-lihavuus;;;;
153;99;30.0432623;Merkittävä-lihavuus;;;;
193;78;30.06210197;Merkittävä-lihavuus;;;;
199;91;30.06210197;Merkittävä-lihavuus;;;;
193;56;30.07116843;Merkittävä-lihavuus;;;;
174;54;30.078125;Merkittävä-lihavuus;;;;
150;87;30.078125;Merkittävä-lihavuus;;;;
171;74;30.078125;Merkittävä-lihavuus;;;;
143;71;30.08005923;Merkittävä-lihavuus;;;;
149;87;30.08005923;Merkittävä-lihavuus;;;;
145;98;30.09143166;Merkittävä-lihavuus;;;;
153;82;30.09473;Merkittävä-lihavuus;;;;
157;71;30.09473;Merkittävä-lihavuus;;;;
183;74;30.10380623;Merkittävä-lihavuus;;;;
195;66;30.11099051;Merkittävä-lihavuus;;;;
175;93;30.11099051;Merkittävä-lihavuus;;;;
162;88;30.11937557;Merkittävä-lihavuus;;;;
184;81;30.13148283;Merkittävä-lihavuus;;;;
175;62;30.13148283;Merkittävä-lihavuus;;;;
147;50;30.18959063;Merkittävä-lihavuus;;;;
188;84;30.22222222;Merkittävä-lihavuus;;;;
182;82;30.26183062;Merkittävä-lihavuus;;;;
145;96;30.29920465;Merkittävä-lihavuus;;;;
173;65;30.33021487;Merkittävä-lihavuus;;;;
149;93;30.35925114;Merkittävä-lihavuus;;;;
187;89;30.36734694;Merkittävä-lihavuus;;;;
149;91;30.38501561;Merkittävä-lihavuus;;;;
157;94;30.38501561;Merkittävä-lihavuus;;;;
171;77;30.38501561;Merkittävä-lihavuus;;;;
150;50;30.40529253;Merkittävä-lihavuus;;;;
159;76;30.40529253;Merkittävä-lihavuus;;;;
163;77;30.40529253;Merkittävä-lihavuus;;;;
152;76;30.43995244;Merkittävä-lihavuus;;;;
181;78;30.45765595;Merkittävä-lihavuus;;;;
167;87;30.46111831;Merkittävä-lihavuus;;;;
144;88;30.48315806;Merkittävä-lihavuus;;;;
147;54;30.48315806;Merkittävä-lihavuus;;;;
149;58;30.4833793;Merkittävä-lihavuus;;;;
140;74;30.48668503;Merkittävä-lihavuus;;;;
153;78;30.48780488;Merkittävä-lihavuus;;;;
190;95;30.49352599;Merkittävä-lihavuus;;;;
176;59;30.55555556;Merkittävä-lihavuus;;;;
162;95;30.58581193;Merkittävä-lihavuus;;;;
162;54;30.58581193;Merkittävä-lihavuus;;;;
173;78;30.61482136;Merkittävä-lihavuus;;;;
176;87;30.61482136;Merkittävä-lihavuus;;;;
150;66;30.61482136;Merkittävä-lihavuus;;;;
194;79;30.62925093;Merkittävä-lihavuus;;;;
176;78;30.64253567;Merkittävä-lihavuus;;;;
166;59;30.64253567;Merkittävä-lihavuus;;;;
190;86;30.66666667;Merkittävä-lihavuus;;;;
194;64;30.68256124;Merkittävä-lihavuus;;;;
175;80;30.77870114;Merkittävä-lihavuus;;;;
173;91;30.79584775;Merkittävä-lihavuus;;;;
161;78;30.8012487;Merkittävä-lihavuus;;;;
188;96;30.80835249;Merkittävä-lihavuus;;;;
164;85;30.81854043;Merkittävä-lihavuus;;;;
197;81;30.83289383;Merkittävä-lihavuus;;;;
161;53;30.83653053;Merkittävä-lihavuus;;;;
183;89;30.84441596;Merkittävä-lihavuus;;;;
167;61;30.85960738;Merkittävä-lihavuus;;;;
157;59;30.86300683;Merkittävä-lihavuus;;;;
181;83;30.86303587;Merkittävä-lihavuus;;;;
150;69;30.86419753;Merkittävä-lihavuus;;;;
153;71;30.86419753;Merkittävä-lihavuus;;;;
167;79;30.91557669;Merkittävä-lihavuus;;;;
200;82;30.93043808;Merkittävä-lihavuus;;;;
168;61;31.00559952;Merkittävä-lihavuus;;;;
186;64;31.13898513;Merkittävä-lihavuus;;;;
187;77;31.14186851;Merkittävä-lihavuus;;;;
140;79;31.1613739;Merkittävä-lihavuus;;;;
180;53;31.1613739;Merkittävä-lihavuus;;;;
197;76;31.1634349;Merkittävä-lihavuus;;;;
177;87;31.17913832;Merkittävä-lihavuus;;;;
165;83;31.17913832;Merkittävä-lihavuus;;;;
189;68;31.18555405;Merkittävä-lihavuus;;;;
158;52;31.19509484;Merkittävä-lihavuus;;;;
157;92;31.19509484;Merkittävä-lihavuus;;;;
148;58;31.23140988;Merkittävä-lihavuus;;;;
146;62;31.23941436;Merkittävä-lihavuus;;;;
141;62;31.23941436;Merkittävä-lihavuus;;;;
177;96;31.24499279;Merkittävä-lihavuus;;;;
197;97;31.24876389;Merkittävä-lihavuus;;;;
151;100;31.24876389;Merkittävä-lihavuus;;;;
174;88;31.24879441;Merkittävä-lihavuus;;;;
168;75;31.24879441;Merkittävä-lihavuus;;;;
188;83;31.24879441;Merkittävä-lihavuus;;;;
162;76;31.31456612;Merkittävä-lihavuus;;;;
159;92;31.4359113;Merkittävä-lihavuus;;;;
167;91;31.5115017;Merkittävä-lihavuus;;;;
158;61;31.53344671;Merkittävä-lihavuus;;;;
191;53;31.59626039;Merkittävä-lihavuus;;;;
156;93;31.60321237;Merkittävä-lihavuus;;;;
182;58;31.61579284;Merkittävä-lihavuus;;;;
157;66;31.61579284;Merkittävä-lihavuus;;;;
147;89;31.62421994;Merkittävä-lihavuus;;;;
166;91;31.63265306;Merkittävä-lihavuus;;;;
169;99;31.63371488;Merkittävä-lihavuus;;;;
164;89;31.634582;Merkittävä-lihavuus;;;;
195;85;31.63739669;Merkittävä-lihavuus;;;;
162;75;31.63739669;Merkittävä-lihavuus;;;;
162;77;31.8287037;Merkittävä-lihavuus;;;;
144;70;31.86162949;Merkittävä-lihavuus;;;;
171;59;31.8877551;Merkittävä-lihavuus;;;;
155;95;31.8877551;Merkittävä-lihavuus;;;;
194;76;31.91222346;Merkittävä-lihavuus;;;;
169;83;31.97501487;Merkittävä-lihavuus;;;;
164;59;31.97501487;Merkittävä-lihavuus;;;;
149;60;31.98054142;Merkittävä-lihavuus;;;;
171;96;32;Merkittävä-lihavuus;;;;
146;91;32.01613964;Merkittävä-lihavuus;;;;
182;56;32.03857841;Merkittävä-lihavuus;;;;
180;81;32.03895937;Merkittävä-lihavuus;;;;
167;67;32.03987184;Merkittävä-lihavuus;;;;
194;59;32.03987184;Merkittävä-lihavuus;;;;
172;93;32.0458762;Merkittävä-lihavuus;;;;
156;58;32.04614645;Merkittävä-lihavuus;;;;
145;74;32.04998174;Merkittävä-lihavuus;;;;
163;50;32.07591299;Merkittävä-lihavuus;;;;
143;74;32.07591299;Merkittävä-lihavuus;;;;
144;60;32.19153966;Merkittävä-lihavuus;;;;
200;91;32.21175729;Merkittävä-lihavuus;;;;
161;81;32.23566753;Merkittävä-lihavuus;;;;
164;53;32.24206349;Merkittävä-lihavuus;;;;
141;95;32.27078777;Merkittävä-lihavuus;;;;
151;99;32.27078777;Merkittävä-lihavuus;;;;
166;68;32.27541689;Merkittävä-lihavuus;;;;
195;72;32.31095679;Merkittävä-lihavuus;;;;
147;80;32.32323232;Merkittävä-lihavuus;;;;
192;65;32.32323232;Merkittävä-lihavuus;;;;
195;94;32.32653061;Merkittävä-lihavuus;;;;
142;75;32.34244946;Merkittävä-lihavuus;;;;
188;70;32.34244946;Merkittävä-lihavuus;;;;
178;60;32.34681737;Merkittävä-lihavuus;;;;
164;57;32.34681737;Merkittävä-lihavuus;;;;
170;53;32.38835543;Merkittävä-lihavuus;;;;
146;96;32.40615717;Merkittävä-lihavuus;;;;
199;97;32.40615717;Merkittävä-lihavuus;;;;
143;57;32.41417093;Merkittävä-lihavuus;;;;
199;92;32.43097158;Merkittävä-lihavuus;;;;
150;57;32.43542581;Merkittävä-lihavuus;;;;
199;62;32.4547169;Merkittävä-lihavuus;;;;
155;83;32.45567772;Merkittävä-lihavuus;;;;
197;61;32.52595156;Merkittävä-lihavuus;;;;
175;58;32.59637188;Merkittävä-lihavuus;;;;
198;53;32.62935207;Merkittävä-lihavuus;;;;
147;98;32.66076354;Merkittävä-lihavuus;;;;
166;56;32.66076354;Merkittävä-lihavuus;;;;
154;87;32.69453247;Merkittävä-lihavuus;;;;
165;52;32.69453247;Merkittävä-lihavuus;;;;
191;50;32.76443836;Merkittävä-lihavuus;;;;
155;83;32.78799351;Merkittävä-lihavuus;;;;
171;59;32.78799351;Merkittävä-lihavuus;;;;
184;69;32.83061455;Merkittävä-lihavuus;;;;
141;91;32.83097979;Merkittävä-lihavuus;;;;
150;98;32.83918184;Merkittävä-lihavuus;;;;
184;51;32.83918184;Merkittävä-lihavuus;;;;
198;99;32.85668009;Merkittävä-lihavuus;;;;
141;61;32.85668009;Merkittävä-lihavuus;;;;
146;73;32.88888889;Merkittävä-lihavuus;;;;
151;80;32.88918873;Merkittävä-lihavuus;;;;
173;86;32.89329415;Merkittävä-lihavuus;;;;
169;79;32.89333162;Merkittävä-lihavuus;;;;
186;93;32.89473684;Merkittävä-lihavuus;;;;
159;73;32.95068027;Merkittävä-lihavuus;;;;
194;84;33.02366091;Merkittävä-lihavuus;;;;
196;63;33.09042237;Merkittävä-lihavuus;;;;
155;83;33.09042237;Merkittävä-lihavuus;;;;
168;71;33.16326531;Merkittävä-lihavuus;;;;
151;78;33.17260012;Merkittävä-lihavuus;;;;
155;61;33.17260012;Merkittävä-lihavuus;;;;
154;87;33.29864724;Merkittävä-lihavuus;;;;
166;95;33.308313;Merkittävä-lihavuus;;;;
187;53;33.32051775;Merkittävä-lihavuus;;;;
180;66;33.33333333;Merkittävä-lihavuus;;;;
193;81;33.38655828;Merkittävä-lihavuus;;;;
155;50;33.4251607;Merkittävä-lihavuus;;;;
152;80;33.49768527;Merkittävä-lihavuus;;;;
144;61;33.53147386;Merkittävä-lihavuus;;;;
178;97;33.53147386;Merkittävä-lihavuus;;;;
197;73;33.56401384;Merkittävä-lihavuus;;;;
176;86;33.61226848;Merkittävä-lihavuus;;;;
189;51;33.70051808;Merkittävä-lihavuus;;;;
191;82;33.71488033;Merkittävä-lihavuus;;;;
184;52;33.74248129;Merkittävä-lihavuus;;;;
162;56;33.75771605;Merkittävä-lihavuus;;;;
161;84;33.75771605;Merkittävä-lihavuus;;;;
144;52;33.76038781;Merkittävä-lihavuus;;;;
176;98;33.77744417;Merkittävä-lihavuus;;;;
186;74;33.78222037;Merkittävä-lihavuus;;;;
181;93;33.85657125;Merkittävä-lihavuus;;;;
192;64;33.87406376;Merkittävä-lihavuus;;;;
153;82;33.91251334;Merkittävä-lihavuus;;;;
150;81;33.94930751;Merkittävä-lihavuus;;;;
179;64;33.96239627;Merkittävä-lihavuus;;;;
189;50;34.01764171;Merkittävä-lihavuus;;;;
175;55;34.0784616;Merkittävä-lihavuus;;;;
172;56;34.0784616;Merkittävä-lihavuus;;;;
159;77;34.11235303;Merkittävä-lihavuus;;;;
196;86;34.19855682;Merkittävä-lihavuus;;;;
160;51;34.19855682;Merkittävä-lihavuus;;;;
188;91;34.19855682;Merkittävä-lihavuus;;;;
142;94;34.20902592;Merkittävä-lihavuus;;;;
157;79;34.21940091;Merkittävä-lihavuus;;;;
157;76;34.23269222;Merkittävä-lihavuus;;;;
188;90;34.23269222;Merkittävä-lihavuus;;;;
190;61;34.2403214;Merkittävä-lihavuus;;;;
190;63;34.24499051;Merkittävä-lihavuus;;;;
140;65;34.24499051;Merkittävä-lihavuus;;;;
178;85;34.24657534;Merkittävä-lihavuus;;;;
154;90;34.24657534;Merkittävä-lihavuus;;;;
145;74;34.24657534;Merkittävä-lihavuus;;;;
173;90;34.25044224;Merkittävä-lihavuus;;;;
165;88;34.375;Merkittävä-lihavuus;;;;
200;80;34.42217362;Merkittävä-lihavuus;;;;
177;61;34.4752504;Merkittävä-lihavuus;;;;
194;89;34.4752504;Merkittävä-lihavuus;;;;
150;85;34.51676529;Merkittävä-lihavuus;;;;
199;79;34.54734651;Merkittävä-lihavuus;;;;
160;51;34.54734651;Merkittävä-lihavuus;;;;
172;67;34.54734651;Merkittävä-lihavuus;;;;
175;65;34.5758138;Merkittävä-lihavuus;;;;
166;73;34.62603878;Merkittävä-lihavuus;;;;
187;51;34.66265187;Merkittävä-lihavuus;;;;
159;55;34.66265187;Merkittävä-lihavuus;;;;
186;55;34.72052423;Merkittävä-lihavuus;;;;
178;81;34.765625;Merkittävä-lihavuus;;;;
195;57;34.83814777;Merkittävä-lihavuus;;;;
180;95;34.9635796;Merkittävä-lihavuus;;;;
194;93;34.99747006;Vaikea-lihavuus;;;;
150;55;35.01277966;Vaikea-lihavuus;;;;
169;70;35.02926225;Vaikea-lihavuus;;;;
147;95;35.02926225;Vaikea-lihavuus;;;;
154;84;35.05886427;Vaikea-lihavuus;;;;
148;65;35.05886427;Vaikea-lihavuus;;;;
163;96;35.05886427;Vaikea-lihavuus;;;;
149;50;35.07653061;Vaikea-lihavuus;;;;
150;63;35.08618043;Vaikea-lihavuus;;;;
146;53;35.08618043;Vaikea-lihavuus;;;;
153;75;35.13930223;Vaikea-lihavuus;;;;
200;92;35.1705308;Vaikea-lihavuus;;;;
199;52;35.18483768;Vaikea-lihavuus;;;;
183;50;35.19619501;Vaikea-lihavuus;;;;
170;87;35.19619501;Vaikea-lihavuus;;;;
166;96;35.19619501;Vaikea-lihavuus;;;;
194;64;35.19619501;Vaikea-lihavuus;;;;
181;50;35.20104514;Vaikea-lihavuus;;;;
148;96;35.20104514;Vaikea-lihavuus;;;;
149;95;35.20447531;Vaikea-lihavuus;;;;
200;96;35.21126761;Vaikea-lihavuus;;;;
179;64;35.2507611;Vaikea-lihavuus;;;;
149;72;35.32123736;Vaikea-lihavuus;;;;
184;69;35.3795777;Vaikea-lihavuus;;;;
176;84;35.3798127;Vaikea-lihavuus;;;;
168;76;35.41912633;Vaikea-lihavuus;;;;
148;75;35.430839;Vaikea-lihavuus;;;;
178;93;35.43667124;Vaikea-lihavuus;;;;
178;56;35.49245785;Vaikea-lihavuus;;;;
163;55;35.52475769;Vaikea-lihavuus;;;;
180;51;35.546875;Vaikea-lihavuus;;;;
184;54;35.55555556;Vaikea-lihavuus;;;;
180;82;35.60993426;Vaikea-lihavuus;;;;
165;73;35.62901745;Vaikea-lihavuus;;;;
171;97;35.67181926;Vaikea-lihavuus;;;;
144;58;35.6867284;Vaikea-lihavuus;;;;
199;59;35.69303986;Vaikea-lihavuus;;;;
190;80;35.71428571;Vaikea-lihavuus;;;;
173;78;35.84078259;Vaikea-lihavuus;;;;
160;89;35.87824544;Vaikea-lihavuus;;;;
187;72;35.87824544;Vaikea-lihavuus;;;;
182;98;35.8836345;Vaikea-lihavuus;;;;
163;90;35.99632691;Vaikea-lihavuus;;;;
162;50;36;Vaikea-lihavuus;;;;
154;91;36;Vaikea-lihavuus;;;;
165;82;36;Vaikea-lihavuus;;;;
195;75;36.13233468;Vaikea-lihavuus;;;;
169;86;36.18758864;Vaikea-lihavuus;;;;
169;89;36.19875019;Vaikea-lihavuus;;;;
179;88;36.21227888;Vaikea-lihavuus;;;;
146;51;36.21548212;Vaikea-lihavuus;;;;
154;52;36.28973726;Vaikea-lihavuus;;;;
166;63;36.28973726;Vaikea-lihavuus;;;;
177;79;36.31082062;Vaikea-lihavuus;;;;
157;97;36.39096555;Vaikea-lihavuus;;;;
174;87;36.4019122;Vaikea-lihavuus;;;;
142;50;36.4019122;Vaikea-lihavuus;;;;
171;100;36.44444444;Vaikea-lihavuus;;;;
171;83;36.50871316;Vaikea-lihavuus;;;;
188;60;36.51263743;Vaikea-lihavuus;;;;
195;91;36.51263743;Vaikea-lihavuus;;;;
183;61;36.57978967;Vaikea-lihavuus;;;;
151;53;36.6766101;Vaikea-lihavuus;;;;
178;71;36.68409513;Vaikea-lihavuus;;;;
199;56;36.68409513;Vaikea-lihavuus;;;;
150;74;36.73094582;Vaikea-lihavuus;;;;
179;71;36.80844735;Vaikea-lihavuus;;;;
161;81;36.80844735;Vaikea-lihavuus;;;;
143;85;36.96082914;Vaikea-lihavuus;;;;
176;70;36.96082914;Vaikea-lihavuus;;;;
188;56;37.02161137;Vaikea-lihavuus;;;;
158;77;37.03560819;Vaikea-lihavuus;;;;
167;70;37.04474506;Vaikea-lihavuus;;;;
178;96;37.13348765;Vaikea-lihavuus;;;;
146;59;37.19500099;Vaikea-lihavuus;;;;
169;100;37.22146773;Vaikea-lihavuus;;;;
186;97;37.24489796;Vaikea-lihavuus;;;;
190;73;37.27906671;Vaikea-lihavuus;;;;
183;72;37.32402937;Vaikea-lihavuus;;;;
174;72;37.42139578;Vaikea-lihavuus;;;;
146;70;37.53049353;Vaikea-lihavuus;;;;
186;63;37.61574074;Vaikea-lihavuus;;;;
180;91;37.61574074;Vaikea-lihavuus;;;;
195;75;37.63784862;Vaikea-lihavuus;;;;
190;74;37.65465304;Vaikea-lihavuus;;;;
198;57;37.65465304;Vaikea-lihavuus;;;;
148;86;37.72446054;Vaikea-lihavuus;;;;
176;74;37.75510204;Vaikea-lihavuus;;;;
158;97;37.75510204;Vaikea-lihavuus;;;;
193;79;37.77777778;Vaikea-lihavuus;;;;
198;93;37.94906392;Vaikea-lihavuus;;;;
190;98;37.94906392;Vaikea-lihavuus;;;;
167;90;37.97318144;Vaikea-lihavuus;;;;
182;62;38.05479891;Vaikea-lihavuus;;;;
182;62;38.09799383;Vaikea-lihavuus;;;;
183;74;38.10394757;Vaikea-lihavuus;;;;
182;66;38.13542132;Vaikea-lihavuus;;;;
177;89;38.14367451;Vaikea-lihavuus;;;;
147;87;38.15622122;Vaikea-lihavuus;;;;
169;50;38.18686768;Vaikea-lihavuus;;;;
169;74;38.21499014;Vaikea-lihavuus;;;;
196;92;38.22745335;Vaikea-lihavuus;;;;
142;100;38.26530612;Vaikea-lihavuus;;;;
186;59;38.26530612;Vaikea-lihavuus;;;;
144;73;38.37072019;Vaikea-lihavuus;;;;
184;76;38.44675125;Vaikea-lihavuus;;;;
143;67;38.45537574;Vaikea-lihavuus;;;;
163;72;38.54111729;Vaikea-lihavuus;;;;
171;99;38.58024691;Vaikea-lihavuus;;;;
146;97;38.66666667;Vaikea-lihavuus;;;;
140;100;38.671875;Vaikea-lihavuus;;;;
188;68;38.73044615;Vaikea-lihavuus;;;;
158;50;38.76428939;Vaikea-lihavuus;;;;
171;97;38.76428939;Vaikea-lihavuus;;;;
157;65;38.85595257;Vaikea-lihavuus;;;;
178;55;38.93788703;Vaikea-lihavuus;;;;
142;99;38.93788703;Vaikea-lihavuus;;;;
171;100;38.93788703;Vaikea-lihavuus;;;;
199;92;39.00118906;Vaikea-lihavuus;;;;
140;73;39.00118906;Vaikea-lihavuus;;;;
183;59;39.11111111;Vaikea-lihavuus;;;;
141;65;39.12171744;Vaikea-lihavuus;;;;
174;83;39.12171744;Vaikea-lihavuus;;;;
166;75;39.12171744;Vaikea-lihavuus;;;;
200;66;39.12591051;Vaikea-lihavuus;;;;
149;71;39.15984336;Vaikea-lihavuus;;;;
185;50;39.18742399;Vaikea-lihavuus;;;;
160;73;39.21403272;Vaikea-lihavuus;;;;
158;75;39.23343896;Vaikea-lihavuus;;;;
142;50;39.26223521;Vaikea-lihavuus;;;;
162;100;39.28571429;Vaikea-lihavuus;;;;
187;92;39.35250923;Vaikea-lihavuus;;;;
180;62;39.35250923;Vaikea-lihavuus;;;;
197;70;39.35250923;Vaikea-lihavuus;;;;
176;64;39.5421436;Vaikea-lihavuus;;;;
162;75;39.55555556;Vaikea-lihavuus;;;;
185;61;39.63785415;Vaikea-lihavuus;;;;
174;62;39.72830962;Vaikea-lihavuus;;;;
192;80;39.73643177;Vaikea-lihavuus;;;;
156;68;39.7582052;Vaikea-lihavuus;;;;
144;95;39.7582052;Vaikea-lihavuus;;;;
163;84;39.79591837;Vaikea-lihavuus;;;;
183;71;39.85864563;Vaikea-lihavuus;;;;
166;90;39.95837669;Vaikea-lihavuus;;;;
193;67;40.05734525;Vaikea-lihavuus;;;;
170;83;40.05768306;Vaikea-lihavuus;;;;
140;82;40.15549575;Vaikea-lihavuus;;;;
152;65;40.16390117;Vaikea-lihavuus;;;;
187;85;40.23942458;Vaikea-lihavuus;;;;
196;83;40.23942458;Vaikea-lihavuus;;;;
173;72;40.26100236;Vaikea-lihavuus;;;;
190;63;40.30612245;Vaikea-lihavuus;;;;
144;95;40.30612245;Vaikea-lihavuus;;;;
157;100;40.34528054;Vaikea-lihavuus;;;;
165;61;40.56959714;Vaikea-lihavuus;;;;
186;95;40.68559557;Vaikea-lihavuus;;;;
147;98;40.7237725;Vaikea-lihavuus;;;;
179;64;40.78768475;Vaikea-lihavuus;;;;
183;91;40.78768475;Vaikea-lihavuus;;;;
146;80;40.81632653;Vaikea-lihavuus;;;;
175;91;40.98914463;Vaikea-lihavuus;;;;
150;89;40.99151235;Vaikea-lihavuus;;;;
159;86;41.07780332;Vaikea-lihavuus;;;;
191;78;41.07780332;Vaikea-lihavuus;;;;
157;80;41.11842105;Vaikea-lihavuus;;;;
195;93;41.18654264;Vaikea-lihavuus;;;;
166;63;41.24541019;Vaikea-lihavuus;;;;
168;63;41.5449233;Vaikea-lihavuus;;;;
159;66;41.55124654;Vaikea-lihavuus;;;;
167;54;41.56682478;Vaikea-lihavuus;;;;
165;72;41.56682478;Vaikea-lihavuus;;;;
176;53;41.62330905;Vaikea-lihavuus;;;;
176;77;41.66483926;Vaikea-lihavuus;;;;
179;80;41.74397032;Vaikea-lihavuus;;;;
158;78;41.83673469;Vaikea-lihavuus;;;;
192;90;41.83673469;Vaikea-lihavuus;;;;
186;92;41.8549346;Vaikea-lihavuus;;;;
198;85;41.86424025;Vaikea-lihavuus;;;;
164;83;41.89000495;Vaikea-lihavuus;;;;
200;77;42.29142637;Vaikea-lihavuus;;;;
191;91;42.33055886;Vaikea-lihavuus;;;;
159;72;42.4382716;Vaikea-lihavuus;;;;
145;51;42.6502678;Vaikea-lihavuus;;;;
191;84;42.66666667;Vaikea-lihavuus;;;;
184;59;42.66666667;Vaikea-lihavuus;;;;
162;80;42.69093639;Vaikea-lihavuus;;;;
141;75;42.79086528;Vaikea-lihavuus;;;;
164;79;42.79086528;Vaikea-lihavuus;;;;
200;73;42.91453616;Vaikea-lihavuus;;;;
155;96;43.03388919;Vaikea-lihavuus;;;;
141;88;43.03762321;Vaikea-lihavuus;;;;
153;56;43.16006755;Vaikea-lihavuus;;;;
177;59;43.16006755;Vaikea-lihavuus;;;;
187;50;43.37107378;Vaikea-lihavuus;;;;
164;96;43.41914828;Vaikea-lihavuus;;;;
171;80;43.50039335;Vaikea-lihavuus;;;;
165;71;43.55555556;Vaikea-lihavuus;;;;
185;99;43.55555556;Vaikea-lihavuus;;;;
164;89;43.62919872;Vaikea-lihavuus;;;;
171;66;43.8276114;Vaikea-lihavuus;;;;
174;89;43.8276114;Vaikea-lihavuus;;;;
192;67;43.85772554;Vaikea-lihavuus;;;;
200;98;43.85772554;Vaikea-lihavuus;;;;
156;64;43.9631635;Vaikea-lihavuus;;;;
144;100;44;Vaikea-lihavuus;;;;
163;60;44.14215576;Vaikea-lihavuus;;;;
149;98;44.26336703;Vaikea-lihavuus;;;;
200;55;44.28414901;Vaikea-lihavuus;;;;
176;97;44.42593364;Vaikea-lihavuus;;;;
153;98;44.63400119;Vaikea-lihavuus;;;;
186;58;44.70868014;Vaikea-lihavuus;;;;
151;74;44.89795918;Vaikea-lihavuus;;;;
172;77;45.03659223;Vaikea-lihavuus;;;;
200;82;45.1843044;Vaikea-lihavuus;;;;
165;62;45.19722425;Vaikea-lihavuus;;;;
142;58;45.33179012;Vaikea-lihavuus;;;;
187;91;45.35147392;Vaikea-lihavuus;;;;
169;96;45.35147392;Vaikea-lihavuus;;;;
169;63;45.47899653;Vaikea-lihavuus;;;;
185;58;45.5057234;Vaikea-lihavuus;;;;
167;50;45.62586788;Vaikea-lihavuus;;;;
187;93;45.62586788;Vaikea-lihavuus;;;;
184;60;45.62586788;Vaikea-lihavuus;;;;
158;60;45.65992866;Vaikea-lihavuus;;;;
169;73;45.77234546;Vaikea-lihavuus;;;;
187;80;45.81404321;Vaikea-lihavuus;;;;
184;70;45.81404321;Vaikea-lihavuus;;;;
157;90;45.81424406;Vaikea-lihavuus;;;;
179;69;46.61117717;Vaikea-lihavuus;;;;
158;60;46.61773458;Vaikea-lihavuus;;;;
195;95;46.77833107;Vaikea-lihavuus;;;;
185;65;47.28132388;Vaikea-lihavuus;;;;
166;65;47.28132388;Vaikea-lihavuus;;;;
141;67;47.4350824;Vaikea-lihavuus;;;;
159;76;47.44897959;Vaikea-lihavuus;;;;
144;50;47.60960127;Vaikea-lihavuus;;;;
144;80;47.78431668;Vaikea-lihavuus;;;;
152;66;47.92410387;Vaikea-lihavuus;;;;
161;77;48.22530864;Vaikea-lihavuus;;;;
164;61;48.60146796;Vaikea-lihavuus;;;;
187;55;49.09740131;Vaikea-lihavuus;;;;
182;60;49.09740131;Vaikea-lihavuus;;;;
200;65;49.29329511;Vaikea-lihavuus;;;;
176;54;49.59333466;Vaikea-lihavuus;;;;
182;54;50;Vaikea-lihavuus;;;;
186;73;50;Vaikea-lihavuus;;;;
173;85;50.29928072;Vaikea-lihavuus;;;;
145;82;50.51020408;Vaikea-lihavuus;;;;
180;73;51.02040816;Vaikea-lihavuus;;;;
191;53;51.02040816;Vaikea-lihavuus;;;;
